model_name,split,job_id,retrieved_count,relevant_count,mrr,map,precision@1,recall@1,ndcg@1,precision@3,recall@3,ndcg@3,precision@5,recall@5,ndcg@5,precision@10,recall@10,ndcg@10
ce_rerank_tfidf,test,689,10,2,0.5,0.25,0.0,0.0,0.0,0.3333333333333333,0.5,0.3868528072345416,0.2,0.5,0.3868528072345416,0.1,0.5,0.3868528072345416
ce_rerank_tfidf,test,759,10,2,0.0,0.0,0.0,0.0,0.0,0.0,0.0,0.0,0.0,0.0,0.0,0.0,0.0,0.0
ce_rerank_tfidf,test,928,10,1,0.0,0.0,0.0,0.0,0.0,0.0,0.0,0.0,0.0,0.0,0.0,0.0,0.0,0.0
ce_rerank_tfidf,test,997,10,3,0.5,0.16666666666666666,0.0,0.0,0.0,0.3333333333333333,0.3333333333333333,0.35098520806348704,0.2,0.3333333333333333,0.35098520806348704,0.1,0.3333333333333333,0.35098520806348704
ce_rerank_tfidf,test,1095,10,2,0.0,0.0,0.0,0.0,0.0,0.0,0.0,0.0,0.0,0.0,0.0,0.0,0.0,0.0
ce_rerank_tfidf,test,1354,10,1,0.0,0.0,0.0,0.0,0.0,0.0,0.0,0.0,0.0,0.0,0.0,0.0,0.0,0.0
ce_rerank_tfidf,test,1385,10,0,0.0,0.0,0.0,0.0,0.0,0.0,0.0,0.0,0.0,0.0,0.0,0.0,0.0,0.0
ce_rerank_tfidf,test,1743,10,0,0.0,0.0,0.0,0.0,0.0,0.0,0.0,0.0,0.0,0.0,0.0,0.0,0.0,0.0
ce_rerank_tfidf,test,1830,10,1,1.0,1.0,1.0,1.0,1.0,0.3333333333333333,1.0,1.0,0.2,1.0,1.0,0.1,1.0,1.0
ce_rerank_tfidf,test,1871,10,0,0.0,0.0,0.0,0.0,0.0,0.0,0.0,0.0,0.0,0.0,0.0,0.0,0.0,0.0
ce_rerank_tfidf,test,2503,10,0,0.0,0.0,0.0,0.0,0.0,0.0,0.0,0.0,0.0,0.0,0.0,0.0,0.0,0.0
ce_rerank_tfidf,test,2545,10,1,0.14285714285714285,0.14285714285714285,0.0,0.0,0.0,0.0,0.0,0.0,0.0,0.0,0.0,0.1,1.0,0.3333333333333333
ce_rerank_tfidf,test,2632,10,0,0.0,0.0,0.0,0.0,0.0,0.0,0.0,0.0,0.0,0.0,0.0,0.0,0.0,0.0
ce_rerank_tfidf,test,2872,10,0,0.0,0.0,0.0,0.0,0.0,0.0,0.0,0.0,0.0,0.0,0.0,0.0,0.0,0.0
ce_rerank_tfidf,test,3168,10,4,0.125,0.03125,0.0,0.0,0.0,0.0,0.0,0.0,0.0,0.0,0.0,0.1,0.25,0.1625139839069565
ce_rerank_tfidf,test,4212,10,1,0.0,0.0,0.0,0.0,0.0,0.0,0.0,0.0,0.0,0.0,0.0,0.0,0.0,0.0
ce_rerank_tfidf,test,4259,10,3,0.5,0.38888888888888884,0.0,0.0,0.0,0.6666666666666666,0.6666666666666666,0.5307212739772436,0.4,0.6666666666666666,0.5307212739772436,0.2,0.6666666666666666,0.5307212739772436
ce_rerank_tfidf,test,4275,10,0,0.0,0.0,0.0,0.0,0.0,0.0,0.0,0.0,0.0,0.0,0.0,0.0,0.0,0.0
ce_rerank_tfidf,test,4320,10,0,0.0,0.0,0.0,0.0,0.0,0.0,0.0,0.0,0.0,0.0,0.0,0.0,0.0,0.0
ce_rerank_tfidf,test,4694,10,0,0.0,0.0,0.0,0.0,0.0,0.0,0.0,0.0,0.0,0.0,0.0,0.0,0.0,0.0
ce_rerank_tfidf,test,5107,10,0,0.0,0.0,0.0,0.0,0.0,0.0,0.0,0.0,0.0,0.0,0.0,0.0,0.0,0.0
ce_rerank_tfidf,test,5152,10,0,0.0,0.0,0.0,0.0,0.0,0.0,0.0,0.0,0.0,0.0,0.0,0.0,0.0,0.0
ce_rerank_tfidf,test,5172,10,2,0.5,0.45,0.0,0.0,0.0,0.3333333333333333,0.5,0.3868528072345416,0.4,1.0,0.6240505200038378,0.2,1.0,0.6240505200038378
ce_rerank_tfidf,test,5422,10,1,0.0,0.0,0.0,0.0,0.0,0.0,0.0,0.0,0.0,0.0,0.0,0.0,0.0,0.0
ce_rerank_tfidf,test,6034,10,2,1.0,0.5,1.0,0.5,1.0,0.3333333333333333,0.5,0.8262346571285599,0.2,0.5,0.8262346571285599,0.1,0.5,0.8262346571285599
ce_rerank_tfidf,test,6502,10,1,0.3333333333333333,0.3333333333333333,0.0,0.0,0.0,0.3333333333333333,1.0,0.5,0.2,1.0,0.5,0.1,1.0,0.5
ce_rerank_tfidf,test,6509,10,2,0.5,0.25,0.0,0.0,0.0,0.3333333333333333,0.5,0.3868528072345416,0.2,0.5,0.3868528072345416,0.1,0.5,0.3868528072345416
ce_rerank_tfidf,test,6719,10,3,1.0,0.6666666666666666,1.0,0.3333333333333333,1.0,0.6666666666666666,0.6666666666666666,0.6732934624429354,0.4,0.6666666666666666,0.6732934624429354,0.2,0.6666666666666666,0.6732934624429354
ce_rerank_tfidf,test,6782,10,0,0.0,0.0,0.0,0.0,0.0,0.0,0.0,0.0,0.0,0.0,0.0,0.0,0.0,0.0
ce_rerank_tfidf,test,6870,10,0,0.0,0.0,0.0,0.0,0.0,0.0,0.0,0.0,0.0,0.0,0.0,0.0,0.0,0.0
ce_rerank_tfidf,test,6897,10,3,0.0,0.0,0.0,0.0,0.0,0.0,0.0,0.0,0.0,0.0,0.0,0.0,0.0,0.0
ce_rerank_tfidf,test,6990,10,0,0.0,0.0,0.0,0.0,0.0,0.0,0.0,0.0,0.0,0.0,0.0,0.0,0.0,0.0
ce_rerank_tfidf,test,7030,10,1,0.0,0.0,0.0,0.0,0.0,0.0,0.0,0.0,0.0,0.0,0.0,0.0,0.0,0.0
ce_rerank_tfidf,test,7215,10,2,0.0,0.0,0.0,0.0,0.0,0.0,0.0,0.0,0.0,0.0,0.0,0.0,0.0,0.0
ce_rerank_tfidf,test,7280,10,0,0.0,0.0,0.0,0.0,0.0,0.0,0.0,0.0,0.0,0.0,0.0,0.0,0.0,0.0
ce_rerank_tfidf,test,7833,10,3,0.0,0.0,0.0,0.0,0.0,0.0,0.0,0.0,0.0,0.0,0.0,0.0,0.0,0.0
ce_rerank_tfidf,test,8052,10,0,0.0,0.0,0.0,0.0,0.0,0.0,0.0,0.0,0.0,0.0,0.0,0.0,0.0,0.0
ce_rerank_tfidf,test,8115,10,6,1.0,0.25,1.0,0.16666666666666666,1.0,0.3333333333333333,0.16666666666666666,0.4692787260227565,0.4,0.3333333333333333,0.42502676863708405,0.2,0.3333333333333333,0.40706286680931847
ce_rerank_tfidf,test,8120,10,7,0.3333333333333333,0.07619047619047618,0.0,0.0,0.0,0.3333333333333333,0.14285714285714285,0.2781491965442198,0.2,0.14285714285714285,0.24153350098894139,0.2,0.2857142857142857,0.25929005046933823
ce_rerank_tfidf,test,8121,10,1,0.16666666666666666,0.16666666666666666,0.0,0.0,0.0,0.0,0.0,0.0,0.0,0.0,0.0,0.1,1.0,0.3562071871080222
ce_rerank_tfidf,test,8344,10,1,0.0,0.0,0.0,0.0,0.0,0.0,0.0,0.0,0.0,0.0,0.0,0.0,0.0,0.0
ce_rerank_tfidf,test,8430,10,5,1.0,1.0,1.0,0.2,1.0,1.0,0.6,1.0,1.0,1.0,1.0,0.5,1.0,1.0
ce_rerank_tfidf,test,8608,10,0,0.0,0.0,0.0,0.0,0.0,0.0,0.0,0.0,0.0,0.0,0.0,0.0,0.0,0.0
ce_rerank_tfidf,test,8660,10,1,0.0,0.0,0.0,0.0,0.0,0.0,0.0,0.0,0.0,0.0,0.0,0.0,0.0,0.0
ce_rerank_tfidf,test,8972,10,1,0.0,0.0,0.0,0.0,0.0,0.0,0.0,0.0,0.0,0.0,0.0,0.0,0.0,0.0
ce_rerank_tfidf,test,9003,10,0,0.0,0.0,0.0,0.0,0.0,0.0,0.0,0.0,0.0,0.0,0.0,0.0,0.0,0.0
ce_rerank_tfidf,test,9156,10,1,0.0,0.0,0.0,0.0,0.0,0.0,0.0,0.0,0.0,0.0,0.0,0.0,0.0,0.0
ce_rerank_tfidf,test,9230,10,3,1.0,0.6666666666666666,1.0,0.3333333333333333,1.0,0.6666666666666666,0.6666666666666666,0.9072836011519267,0.4,0.6666666666666666,0.9072836011519267,0.2,0.6666666666666666,0.9072836011519267
ce_rerank_tfidf,test,9291,10,1,0.3333333333333333,0.3333333333333333,0.0,0.0,0.0,0.3333333333333333,1.0,0.5,0.2,1.0,0.5,0.1,1.0,0.5
ce_rerank_tfidf,test,9332,10,2,0.1,0.05,0.0,0.0,0.0,0.0,0.0,0.0,0.0,0.0,0.0,0.1,0.5,0.2388353776606868
ce_rerank_tfidf,test,9619,10,1,0.2,0.2,0.0,0.0,0.0,0.0,0.0,0.0,0.2,1.0,0.38685280723454163,0.1,1.0,0.38685280723454163
ce_rerank_tfidf,test,9845,10,0,0.0,0.0,0.0,0.0,0.0,0.0,0.0,0.0,0.0,0.0,0.0,0.0,0.0,0.0
ce_rerank_tfidf,test,10145,10,0,0.0,0.0,0.0,0.0,0.0,0.0,0.0,0.0,0.0,0.0,0.0,0.0,0.0,0.0
ce_rerank_tfidf,test,10248,10,3,0.25,0.08333333333333333,0.0,0.0,0.0,0.0,0.0,0.0,0.2,0.3333333333333333,0.20210734650054762,0.1,0.3333333333333333,0.20210734650054762
ce_rerank_tfidf,test,10432,10,2,0.0,0.0,0.0,0.0,0.0,0.0,0.0,0.0,0.0,0.0,0.0,0.0,0.0,0.0
ce_rerank_tfidf,test,10466,10,0,0.0,0.0,0.0,0.0,0.0,0.0,0.0,0.0,0.0,0.0,0.0,0.0,0.0,0.0
ce_rerank_tfidf,test,10597,10,1,0.25,0.25,0.0,0.0,0.0,0.0,0.0,0.0,0.2,1.0,0.43067655807339306,0.1,1.0,0.43067655807339306
ce_rerank_tfidf,test,10741,10,0,0.0,0.0,0.0,0.0,0.0,0.0,0.0,0.0,0.0,0.0,0.0,0.0,0.0,0.0
ce_rerank_tfidf,test,10818,10,0,0.0,0.0,0.0,0.0,0.0,0.0,0.0,0.0,0.0,0.0,0.0,0.0,0.0,0.0
ce_rerank_tfidf,test,10876,10,3,1.0,0.3333333333333333,1.0,0.3333333333333333,1.0,0.3333333333333333,0.3333333333333333,0.4692787260227565,0.2,0.3333333333333333,0.4692787260227565,0.1,0.3333333333333333,0.4692787260227565
ce_rerank_tfidf,test,10899,10,0,0.0,0.0,0.0,0.0,0.0,0.0,0.0,0.0,0.0,0.0,0.0,0.0,0.0,0.0
ce_rerank_tfidf,test,11026,10,2,0.0,0.0,0.0,0.0,0.0,0.0,0.0,0.0,0.0,0.0,0.0,0.0,0.0,0.0
ce_rerank_tfidf,test,11163,10,0,0.0,0.0,0.0,0.0,0.0,0.0,0.0,0.0,0.0,0.0,0.0,0.0,0.0,0.0
ce_rerank_tfidf,test,11210,10,1,0.25,0.25,0.0,0.0,0.0,0.0,0.0,0.0,0.2,1.0,0.4306765580733931,0.1,1.0,0.4306765580733931
ce_rerank_tfidf,test,11381,10,1,0.0,0.0,0.0,0.0,0.0,0.0,0.0,0.0,0.0,0.0,0.0,0.0,0.0,0.0
ce_rerank_tfidf,test,11890,10,0,0.0,0.0,0.0,0.0,0.0,0.0,0.0,0.0,0.0,0.0,0.0,0.0,0.0,0.0
ce_rerank_tfidf,test,11974,10,2,1.0,0.5,1.0,0.5,1.0,0.3333333333333333,0.5,0.6131471927654584,0.2,0.5,0.6131471927654584,0.1,0.5,0.6131471927654584
ce_rerank_tfidf,test,12002,10,0,0.0,0.0,0.0,0.0,0.0,0.0,0.0,0.0,0.0,0.0,0.0,0.0,0.0,0.0
ce_rerank_tfidf,test,12137,10,1,0.0,0.0,0.0,0.0,0.0,0.0,0.0,0.0,0.0,0.0,0.0,0.0,0.0,0.0
ce_rerank_tfidf,test,12141,10,0,0.0,0.0,0.0,0.0,0.0,0.0,0.0,0.0,0.0,0.0,0.0,0.0,0.0,0.0
ce_rerank_tfidf,test,12310,10,0,0.0,0.0,0.0,0.0,0.0,0.0,0.0,0.0,0.0,0.0,0.0,0.0,0.0,0.0
ce_rerank_tfidf,test,12374,10,1,0.2,0.2,0.0,0.0,0.0,0.0,0.0,0.0,0.2,1.0,0.38685280723454163,0.1,1.0,0.38685280723454163
ce_rerank_tfidf,test,12504,10,2,0.1,0.05,0.0,0.0,0.0,0.0,0.0,0.0,0.0,0.0,0.0,0.1,0.5,0.07961179255356228
ce_rerank_tfidf,test,12546,10,3,0.5,0.38888888888888884,0.0,0.0,0.0,0.6666666666666666,0.6666666666666666,0.6291344046077069,0.4,0.6666666666666666,0.6291344046077069,0.2,0.6666666666666666,0.6291344046077069
ce_rerank_tfidf,test,12730,10,0,0.0,0.0,0.0,0.0,0.0,0.0,0.0,0.0,0.0,0.0,0.0,0.0,0.0,0.0
ce_rerank_tfidf,test,12768,10,0,0.0,0.0,0.0,0.0,0.0,0.0,0.0,0.0,0.0,0.0,0.0,0.0,0.0,0.0
ce_rerank_tfidf,test,12869,10,0,0.0,0.0,0.0,0.0,0.0,0.0,0.0,0.0,0.0,0.0,0.0,0.0,0.0,0.0
ce_rerank_tfidf,test,12987,10,4,0.3333333333333333,0.08333333333333333,0.0,0.0,0.0,0.3333333333333333,0.25,0.23463936301137822,0.2,0.25,0.19519002499605084,0.1,0.25,0.19519002499605084
ce_rerank_tfidf,test,13159,10,3,0.2,0.06666666666666667,0.0,0.0,0.0,0.0,0.0,0.0,0.2,0.3333333333333333,0.2152055950263274,0.1,0.3333333333333333,0.2152055950263274
ce_rerank_tfidf,test,13262,10,1,0.0,0.0,0.0,0.0,0.0,0.0,0.0,0.0,0.0,0.0,0.0,0.0,0.0,0.0
ce_rerank_tfidf,test,13573,10,0,0.0,0.0,0.0,0.0,0.0,0.0,0.0,0.0,0.0,0.0,0.0,0.0,0.0,0.0
ce_rerank_tfidf,test,14239,10,1,0.0,0.0,0.0,0.0,0.0,0.0,0.0,0.0,0.0,0.0,0.0,0.0,0.0,0.0
ce_rerank_tfidf,test,14245,10,1,0.25,0.25,0.0,0.0,0.0,0.0,0.0,0.0,0.2,1.0,0.4306765580733931,0.1,1.0,0.4306765580733931
ce_rerank_tfidf,test,14394,10,1,0.125,0.125,0.0,0.0,0.0,0.0,0.0,0.0,0.0,0.0,0.0,0.1,1.0,0.3154648767857287
ce_rerank_tfidf,test,14747,10,0,0.0,0.0,0.0,0.0,0.0,0.0,0.0,0.0,0.0,0.0,0.0,0.0,0.0,0.0
ce_rerank_tfidf,test,14777,10,3,1.0,0.3333333333333333,1.0,0.3333333333333333,1.0,0.3333333333333333,0.3333333333333333,0.5562983930884396,0.2,0.3333333333333333,0.5562983930884396,0.1,0.3333333333333333,0.5562983930884396
ce_rerank_tfidf,test,15081,10,0,0.0,0.0,0.0,0.0,0.0,0.0,0.0,0.0,0.0,0.0,0.0,0.0,0.0,0.0
ce_rerank_tfidf,test,15589,10,0,0.0,0.0,0.0,0.0,0.0,0.0,0.0,0.0,0.0,0.0,0.0,0.0,0.0,0.0
ce_rerank_tfidf,test,15617,10,1,0.3333333333333333,0.3333333333333333,0.0,0.0,0.0,0.3333333333333333,1.0,0.5,0.2,1.0,0.5,0.1,1.0,0.5
ce_rerank_tfidf,test,15883,10,1,0.0,0.0,0.0,0.0,0.0,0.0,0.0,0.0,0.0,0.0,0.0,0.0,0.0,0.0
ce_rerank_tfidf,test,16052,10,1,0.0,0.0,0.0,0.0,0.0,0.0,0.0,0.0,0.0,0.0,0.0,0.0,0.0,0.0
ce_rerank_tfidf,test,16056,10,1,0.0,0.0,0.0,0.0,0.0,0.0,0.0,0.0,0.0,0.0,0.0,0.0,0.0,0.0
ce_rerank_tfidf,test,16077,10,2,0.0,0.0,0.0,0.0,0.0,0.0,0.0,0.0,0.0,0.0,0.0,0.0,0.0,0.0
ce_rerank_tfidf,test,16088,10,1,0.0,0.0,0.0,0.0,0.0,0.0,0.0,0.0,0.0,0.0,0.0,0.0,0.0,0.0
ce_rerank_tfidf,test,16213,10,0,0.0,0.0,0.0,0.0,0.0,0.0,0.0,0.0,0.0,0.0,0.0,0.0,0.0,0.0
ce_rerank_tfidf,test,16820,10,0,0.0,0.0,0.0,0.0,0.0,0.0,0.0,0.0,0.0,0.0,0.0,0.0,0.0,0.0
ce_rerank_tfidf,test,16834,10,2,0.5,0.25,0.0,0.0,0.0,0.3333333333333333,0.5,0.3868528072345416,0.2,0.5,0.3868528072345416,0.1,0.5,0.3868528072345416
ce_rerank_tfidf,test,17123,10,1,0.0,0.0,0.0,0.0,0.0,0.0,0.0,0.0,0.0,0.0,0.0,0.0,0.0,0.0
ce_rerank_tfidf,test,17295,10,1,0.0,0.0,0.0,0.0,0.0,0.0,0.0,0.0,0.0,0.0,0.0,0.0,0.0,0.0
ce_rerank_tfidf,test,17306,10,12,0.3333333333333333,0.1111111111111111,0.0,0.0,0.0,0.3333333333333333,0.08333333333333333,0.23463936301137825,0.4,0.16666666666666666,0.21826955258437686,0.3,0.25,0.253757201656595
